{"cameraMode":{"drawMode":0,"name":"Shaded","section":"Shading Mode"},"sceneLighting":true,"audioPlay":false,"sceneViewState":{"m_AlwaysRefresh":false,"showFog":true,"showSkybox":true,"showFlares":true,"showImageEffects":true,"showParticleSystems":true,"showVisualEffectGraphs":true,"m_FxEnabled":true},"in2DMode":false,"pivot":{"x":-20.773006439208986,"y":9.642348289489746,"z":-23.61259651184082},"rotation":{"x":0.3742428421974182,"y":0.22627931833267213,"z":-0.09468633681535721,"w":0.8943508267402649},"size":0.41352713108062746,"orthographic":false}